[{"model": "application.application", "pk": 1, "fields": {"display": "shk", "panel": "SHK-84", "status": "archive_done", "last_update_date_time": "2025-03-28T10:35:55.639Z", "cell": 52, "executor": null, "comment_monitoring": "Не работает 8 и 20 ламель", "time_monitoring": "2025-03-28T10:29:02.345Z", "file_monitoring": "", "user_monitoring": "Сеня ", "comment_control_apply": null, "time_control_apply": "2025-03-28T10:31:30.859Z", "file_control_apply": "", "user_control_apply": "Сеня ", "comment_control_send": null, "time_control_send": "2025-03-28T10:31:53.388Z", "file_control_send": "", "user_control_send": "Сеня ", "comment_service_apply": "Не работает 8 и 20 ламель", "time_service_apply": "2025-03-28T10:32:25.369Z", "file_service_apply": "", "user_service_apply": "Сеня ", "comment_control_at_work": null, "time_control_at_work": "2025-03-28T10:33:48.659Z", "file_control_at_work": "", "user_control_at_work": "Сеня ", "comment_control_unable": null, "time_control_unable": null, "file_control_unable": "", "user_control_unable": null, "comment_control_archive": null, "time_control_archive": "2025-03-28T10:35:55.639Z", "file_control_archive": "", "user_control_archive": "Сеня "}}, {"model": "application.application", "pk": 2, "fields": {"display": "shk", "panel": "SHK-88", "status": "archive_done", "last_update_date_time": "2025-03-28T10:36:14.201Z", "cell": 87, "executor": null, "comment_monitoring": "не работает 41 ламель ", "time_monitoring": "2025-03-28T10:30:10.122Z", "file_monitoring": "", "user_monitoring": "Сеня ", "comment_control_apply": null, "time_control_apply": "2025-03-28T10:31:28.837Z", "file_control_apply": "", "user_control_apply": "Сеня ", "comment_control_send": null, "time_control_send": "2025-03-28T10:31:55.666Z", "file_control_send": "", "user_control_send": "Сеня ", "comment_service_apply": "не работает 41 ламель", "time_service_apply": "2025-03-28T10:33:03.761Z", "file_service_apply": "", "user_service_apply": "Сеня ", "comment_control_at_work": null, "time_control_at_work": "2025-03-28T10:33:25.718Z", "file_control_at_work": "", "user_control_at_work": "Сеня ", "comment_control_unable": null, "time_control_unable": null, "file_control_unable": "", "user_control_unable": null, "comment_control_archive": null, "time_control_archive": "2025-03-28T10:36:14.201Z", "file_control_archive": "", "user_control_archive": "Сеня "}}, {"model": "application.application", "pk": 3, "fields": {"display": "shk", "panel": "SHK-16", "status": "archive_done", "last_update_date_time": "2025-03-28T10:35:59.271Z", "cell": 73, "executor": null, "comment_monitoring": "", "time_monitoring": "2025-03-28T10:30:34.034Z", "file_monitoring": "", "user_monitoring": "Сеня ", "comment_control_apply": null, "time_control_apply": "2025-03-28T10:31:25.808Z", "file_control_apply": "", "user_control_apply": "Сеня ", "comment_control_send": null, "time_control_send": "2025-03-28T10:31:59.596Z", "file_control_send": "", "user_control_send": "Сеня ", "comment_service_apply": "не работает половина 38 ламели", "time_service_apply": "2025-03-28T10:32:49.329Z", "file_service_apply": "", "user_service_apply": "Сеня ", "comment_control_at_work": null, "time_control_at_work": "2025-03-28T10:33:42.478Z", "file_control_at_work": "", "user_control_at_work": "Сеня ", "comment_control_unable": null, "time_control_unable": null, "file_control_unable": "", "user_control_unable": null, "comment_control_archive": null, "time_control_archive": "2025-03-28T10:35:59.271Z", "file_control_archive": "", "user_control_archive": "Сеня "}}, {"model": "application.application", "pk": 4, "fields": {"display": "shk", "panel": "SHK-95", "status": "archive_done", "last_update_date_time": "2025-03-28T10:36:04.123Z", "cell": 97, "executor": null, "comment_monitoring": "", "time_monitoring": "2025-03-28T10:31:11.617Z", "file_monitoring": "", "user_monitoring": "Сеня ", "comment_control_apply": null, "time_control_apply": "2025-03-28T10:31:22.847Z", "file_control_apply": "", "user_control_apply": "Сеня ", "comment_control_send": null, "time_control_send": "2025-03-28T10:31:57.750Z", "file_control_send": "", "user_control_send": "Сеня ", "comment_service_apply": null, "time_service_apply": "2025-03-28T10:32:55.104Z", "file_service_apply": "", "user_service_apply": "Сеня ", "comment_control_at_work": null, "time_control_at_work": "2025-03-28T10:33:34.562Z", "file_control_at_work": "", "user_control_at_work": "Сеня ", "comment_control_unable": null, "time_control_unable": null, "file_control_unable": "", "user_control_unable": null, "comment_control_archive": null, "time_control_archive": "2025-03-28T10:36:04.123Z", "file_control_archive": "", "user_control_archive": "Сеня "}}, {"model": "application.application", "pk": 5, "fields": {"display": "shk", "panel": "SHK-16", "status": "archive_done", "last_update_date_time": "2025-03-31T07:26:45.400Z", "cell": 97, "executor": null, "comment_monitoring": "", "time_monitoring": "2025-03-31T07:25:31.920Z", "file_monitoring": "", "user_monitoring": "Сеня ", "comment_control_apply": "не работает 38 ламель", "time_control_apply": "2025-03-31T07:26:14.353Z", "file_control_apply": "", "user_control_apply": "Сеня ", "comment_control_send": "не работает 38 ламель", "time_control_send": "2025-03-31T07:26:19.325Z", "file_control_send": "", "user_control_send": "Сеня ", "comment_service_apply": "не работает 38 ламель", "time_service_apply": "2025-03-31T07:26:26.819Z", "file_service_apply": "", "user_service_apply": "Сеня ", "comment_control_at_work": null, "time_control_at_work": "2025-03-31T07:26:38.266Z", "file_control_at_work": "", "user_control_at_work": "Сеня ", "comment_control_unable": null, "time_control_unable": null, "file_control_unable": "", "user_control_unable": null, "comment_control_archive": null, "time_control_archive": "2025-03-31T07:26:45.400Z", "file_control_archive": "", "user_control_archive": "Сеня "}}, {"model": "application.application", "pk": 6, "fields": {"display": "malkova", "panel": "MLK-30", "status": "archive_done", "last_update_date_time": "2025-03-31T08:01:12.532Z", "cell": 327, "executor": null, "comment_monitoring": "", "time_monitoring": "2025-03-31T07:55:51.425Z", "file_monitoring": "", "user_monitoring": "Сеня ", "comment_control_apply": null, "time_control_apply": "2025-03-31T07:56:10.200Z", "file_control_apply": "", "user_control_apply": "Сеня ", "comment_control_send": null, "time_control_send": "2025-03-31T07:56:16.913Z", "file_control_send": "", "user_control_send": "Сеня ", "comment_service_apply": null, "time_service_apply": "2025-03-31T07:56:25.521Z", "file_service_apply": "", "user_service_apply": "Сеня ", "comment_control_at_work": "замена 25 ламели", "time_control_at_work": "2025-03-31T07:59:33.861Z", "file_control_at_work": "", "user_control_at_work": "Сеня ", "comment_control_unable": null, "time_control_unable": null, "file_control_unable": "", "user_control_unable": null, "comment_control_archive": null, "time_control_archive": "2025-03-31T08:01:12.532Z", "file_control_archive": "", "user_control_archive": "Сеня "}}, {"model": "application.application", "pk": 7, "fields": {"display": "malkova", "panel": "MLK-77", "status": "archive_done", "last_update_date_time": "2025-03-31T08:01:05.733Z", "cell": 340, "executor": null, "comment_monitoring": "", "time_monitoring": "2025-03-31T07:58:32.365Z", "file_monitoring": "", "user_monitoring": "Сеня ", "comment_control_apply": "замена 19 ламели", "time_control_apply": "2025-03-31T07:58:41.108Z", "file_control_apply": "", "user_control_apply": "Сеня ", "comment_control_send": "замена 19 ламели", "time_control_send": "2025-03-31T07:58:45.409Z", "file_control_send": "", "user_control_send": "Сеня ", "comment_service_apply": "замена 19 ламели", "time_service_apply": "2025-03-31T07:58:52.642Z", "file_service_apply": "", "user_service_apply": "Сеня ", "comment_control_at_work": "замена 19 ламели", "time_control_at_work": "2025-03-31T08:00:47.539Z", "file_control_at_work": "", "user_control_at_work": "Сеня ", "comment_control_unable": null, "time_control_unable": null, "file_control_unable": "", "user_control_unable": null, "comment_control_archive": "замена 19 ламели", "time_control_archive": "2025-03-31T08:01:05.733Z", "file_control_archive": "", "user_control_archive": "Сеня "}}, {"model": "application.application", "pk": 8, "fields": {"display": "malkova", "panel": "MLK-358", "status": "archive_done", "last_update_date_time": "2025-03-31T08:15:36.342Z", "cell": 381, "executor": null, "comment_monitoring": "", "time_monitoring": "2025-03-31T08:13:40.103Z", "file_monitoring": "", "user_monitoring": "Сеня ", "comment_control_apply": null, "time_control_apply": "2025-03-31T08:15:08.348Z", "file_control_apply": "", "user_control_apply": "Сеня ", "comment_control_send": null, "time_control_send": "2025-03-31T08:15:13.832Z", "file_control_send": "", "user_control_send": "Сеня ", "comment_service_apply": null, "time_service_apply": "2025-03-31T08:15:23.797Z", "file_service_apply": "", "user_service_apply": "Сеня ", "comment_control_at_work": null, "time_control_at_work": "2025-03-31T08:15:32.647Z", "file_control_at_work": "", "user_control_at_work": "Сеня ", "comment_control_unable": null, "time_control_unable": null, "file_control_unable": "", "user_control_unable": null, "comment_control_archive": null, "time_control_archive": "2025-03-31T08:15:36.342Z", "file_control_archive": "", "user_control_archive": "Сеня "}}, {"model": "application.application", "pk": 9, "fields": {"display": "malkova", "panel": "MLK-67", "status": "archive_done", "last_update_date_time": "2025-03-31T08:56:15.794Z", "cell": 194, "executor": null, "comment_monitoring": "", "time_monitoring": "2025-03-31T08:54:47.255Z", "file_monitoring": "", "user_monitoring": "Сеня ", "comment_control_apply": null, "time_control_apply": "2025-03-31T08:54:56.623Z", "file_control_apply": "", "user_control_apply": "Сеня ", "comment_control_send": null, "time_control_send": "2025-03-31T08:55:02.034Z", "file_control_send": "", "user_control_send": "Сеня ", "comment_service_apply": "не работает 27 ламель", "time_service_apply": "2025-03-31T08:55:43.154Z", "file_service_apply": "", "user_service_apply": "Сеня ", "comment_control_at_work": null, "time_control_at_work": "2025-03-31T08:56:06.934Z", "file_control_at_work": "", "user_control_at_work": "Сеня ", "comment_control_unable": null, "time_control_unable": null, "file_control_unable": "", "user_control_unable": null, "comment_control_archive": null, "time_control_archive": "2025-03-31T08:56:15.794Z", "file_control_archive": "", "user_control_archive": "Сеня "}}, {"model": "application.application", "pk": 10, "fields": {"display": "malkova", "panel": "MLK-399", "status": "done", "last_update_date_time": "2025-03-31T09:12:28.833Z", "cell": 333, "executor": null, "comment_monitoring": "", "time_monitoring": "2025-03-31T09:11:17.510Z", "file_monitoring": "", "user_monitoring": "Сеня ", "comment_control_apply": null, "time_control_apply": "2025-03-31T09:11:26.385Z", "file_control_apply": "", "user_control_apply": "Сеня ", "comment_control_send": null, "time_control_send": "2025-03-31T09:11:34.113Z", "file_control_send": "", "user_control_send": "Сеня ", "comment_service_apply": null, "time_service_apply": "2025-03-31T09:12:15.767Z", "file_service_apply": "", "user_service_apply": "Сеня ", "comment_control_at_work": null, "time_control_at_work": "2025-03-31T09:12:28.833Z", "file_control_at_work": "", "user_control_at_work": "Сеня ", "comment_control_unable": null, "time_control_unable": null, "file_control_unable": "", "user_control_unable": null, "comment_control_archive": null, "time_control_archive": null, "file_control_archive": "", "user_control_archive": null}}, {"model": "application.applicationstatus", "pk": 1, "fields": {"name": "default", "description": "нет заявок", "color": "ForestGreen", "color_text": "Black", "icon": "💀"}}, {"model": "application.applicationstatus", "pk": 2, "fields": {"name": "application_sent_to_control", "description": "создана мониторингом", "color": "Crimson", "color_text": "Black", "icon": "💀"}}, {"model": "application.applicationstatus", "pk": 3, "fields": {"name": "application_apply_in_control", "description": "принят в контроле", "color": "DeepPink", "color_text": "Black", "icon": "💀"}}, {"model": "application.applicationstatus", "pk": 4, "fields": {"name": "application_sent_to_service", "description": "отправлен обслуживание", "color": "Orchid", "color_text": "Black", "icon": "💀"}}, {"model": "application.applicationstatus", "pk": 5, "fields": {"name": "application_work_in_service", "description": "принято в работу в сервисе", "color": "Violet", "color_text": "Black", "icon": "💀"}}, {"model": "application.applicationstatus", "pk": 6, "fields": {"name": "done", "description": "сервис выполнил ремонт", "color": "Chocolate", "color_text": "Black", "icon": "💀"}}, {"model": "application.applicationstatus", "pk": 7, "fields": {"name": "application_unable", "description": "ремонт невозможен", "color": "Mint", "color_text": "Black", "icon": "💀"}}, {"model": "application.applicationstatus", "pk": 8, "fields": {"name": "archive_done", "description": "в архиве", "color": "Olive", "color_text": "Black", "icon": "💀"}}, {"model": "application.applicationstatus", "pk": 9, "fields": {"name": "archive_unable", "description": "в архиве", "color": "Tomato", "color_text": "Black", "icon": "💀"}}, {"model": "application.applicationhistoryreport", "pk": 1, "fields": {"application_id": "1", "description": "Создание заявки", "comment": "Не работает 8 и 20 ламель", "time": "2025-03-28T10:29:02.345Z", "user": "senya"}}, {"model": "application.applicationhistoryreport", "pk": 2, "fields": {"application_id": "2", "description": "Создание заявки", "comment": "не работает 41 ламель ", "time": "2025-03-28T10:30:10.122Z", "user": "senya"}}, {"model": "application.applicationhistoryreport", "pk": 3, "fields": {"application_id": "3", "description": "Создание заявки", "comment": "", "time": "2025-03-28T10:30:34.034Z", "user": "senya"}}, {"model": "application.applicationhistoryreport", "pk": 4, "fields": {"application_id": "4", "description": "Создание заявки", "comment": "", "time": "2025-03-28T10:31:11.617Z", "user": "senya"}}, {"model": "application.applicationhistoryreport", "pk": 5, "fields": {"application_id": "4", "description": "Принята в контроле", "comment": "", "time": "2025-03-28T10:31:22.847Z", "user": "senya"}}, {"model": "application.applicationhistoryreport", "pk": 6, "fields": {"application_id": "3", "description": "Принята в контроле", "comment": "", "time": "2025-03-28T10:31:25.808Z", "user": "senya"}}, {"model": "application.applicationhistoryreport", "pk": 7, "fields": {"application_id": "2", "description": "Принята в контроле", "comment": "", "time": "2025-03-28T10:31:28.837Z", "user": "senya"}}, {"model": "application.applicationhistoryreport", "pk": 8, "fields": {"application_id": "1", "description": "Принята в контроле", "comment": "", "time": "2025-03-28T10:31:30.859Z", "user": "senya"}}, {"model": "application.applicationhistoryreport", "pk": 9, "fields": {"application_id": "1", "description": "Отправлена в сервис", "comment": "", "time": "2025-03-28T10:31:53.388Z", "user": "senya"}}, {"model": "application.applicationhistoryreport", "pk": 10, "fields": {"application_id": "2", "description": "Отправлена в сервис", "comment": "", "time": "2025-03-28T10:31:55.666Z", "user": "senya"}}, {"model": "application.applicationhistoryreport", "pk": 11, "fields": {"application_id": "4", "description": "Отправлена в сервис", "comment": "", "time": "2025-03-28T10:31:57.750Z", "user": "senya"}}, {"model": "application.applicationhistoryreport", "pk": 12, "fields": {"application_id": "3", "description": "Отправлена в сервис", "comment": "", "time": "2025-03-28T10:31:59.596Z", "user": "senya"}}, {"model": "application.applicationhistoryreport", "pk": 13, "fields": {"application_id": "1", "description": "Принята сервисом", "comment": "Не работает 8 и 20 ламель", "time": "2025-03-28T10:32:25.369Z", "user": "senya"}}, {"model": "application.applicationhistoryreport", "pk": 14, "fields": {"application_id": "3", "description": "Принята сервисом", "comment": "не работает половина 38 ламели", "time": "2025-03-28T10:32:49.329Z", "user": "senya"}}, {"model": "application.applicationhistoryreport", "pk": 15, "fields": {"application_id": "4", "description": "Принята сервисом", "comment": "", "time": "2025-03-28T10:32:55.104Z", "user": "senya"}}, {"model": "application.applicationhistoryreport", "pk": 16, "fields": {"application_id": "2", "description": "Принята сервисом", "comment": "не работает 41 ламель", "time": "2025-03-28T10:33:03.761Z", "user": "senya"}}, {"model": "application.applicationhistoryreport", "pk": 17, "fields": {"application_id": "2", "description": "Снята панель по заявке", "comment": "", "time": "2025-03-28T10:33:20.131Z", "user": "senya"}}, {"model": "application.applicationhistoryreport", "pk": 18, "fields": {"application_id": "2", "description": "Ремонт выполнен", "comment": "", "time": "2025-03-28T10:33:25.718Z", "user": "senya"}}, {"model": "application.applicationhistoryreport", "pk": 19, "fields": {"application_id": "4", "description": "Снята панель по заявке", "comment": "", "time": "2025-03-28T10:33:28.706Z", "user": "senya"}}, {"model": "application.applicationhistoryreport", "pk": 20, "fields": {"application_id": "4", "description": "Ремонт выполнен", "comment": "", "time": "2025-03-28T10:33:34.562Z", "user": "senya"}}, {"model": "application.applicationhistoryreport", "pk": 21, "fields": {"application_id": "3", "description": "Снята панель по заявке", "comment": "", "time": "2025-03-28T10:33:37.145Z", "user": "senya"}}, {"model": "application.applicationhistoryreport", "pk": 22, "fields": {"application_id": "3", "description": "Ремонт выполнен", "comment": "", "time": "2025-03-28T10:33:42.478Z", "user": "senya"}}, {"model": "application.applicationhistoryreport", "pk": 23, "fields": {"application_id": "1", "description": "Снята панель по заявке", "comment": "", "time": "2025-03-28T10:33:44.626Z", "user": "senya"}}, {"model": "application.applicationhistoryreport", "pk": 24, "fields": {"application_id": "1", "description": "Ремонт выполнен", "comment": "", "time": "2025-03-28T10:33:48.659Z", "user": "senya"}}, {"model": "application.applicationhistoryreport", "pk": 25, "fields": {"application_id": "1", "description": "Отправлена в архив", "comment": "", "time": "2025-03-28T10:35:55.639Z", "user": "senya"}}, {"model": "application.applicationhistoryreport", "pk": 26, "fields": {"application_id": "3", "description": "Отправлена в архив", "comment": "", "time": "2025-03-28T10:35:59.271Z", "user": "senya"}}, {"model": "application.applicationhistoryreport", "pk": 27, "fields": {"application_id": "4", "description": "Отправлена в архив", "comment": "", "time": "2025-03-28T10:36:04.123Z", "user": "senya"}}, {"model": "application.applicationhistoryreport", "pk": 28, "fields": {"application_id": "2", "description": "Отправлена в архив", "comment": "", "time": "2025-03-28T10:36:14.201Z", "user": "senya"}}, {"model": "application.applicationhistoryreport", "pk": 29, "fields": {"application_id": "5", "description": "Создание заявки", "comment": "", "time": "2025-03-31T07:25:31.920Z", "user": "senya"}}, {"model": "application.applicationhistoryreport", "pk": 30, "fields": {"application_id": "5", "description": "Принята в контроле", "comment": "не работает 38 ламель", "time": "2025-03-31T07:26:14.353Z", "user": "senya"}}, {"model": "application.applicationhistoryreport", "pk": 31, "fields": {"application_id": "5", "description": "Отправлена в сервис", "comment": "не работает 38 ламель", "time": "2025-03-31T07:26:19.325Z", "user": "senya"}}, {"model": "application.applicationhistoryreport", "pk": 32, "fields": {"application_id": "5", "description": "Принята сервисом", "comment": "не работает 38 ламель", "time": "2025-03-31T07:26:26.819Z", "user": "senya"}}, {"model": "application.applicationhistoryreport", "pk": 33, "fields": {"application_id": "3", "description": "Снята панель по заявке", "comment": "не работает 38 ламель", "time": "2025-03-31T07:26:32.444Z", "user": "senya"}}, {"model": "application.applicationhistoryreport", "pk": 34, "fields": {"application_id": "5", "description": "Ремонт выполнен", "comment": "", "time": "2025-03-31T07:26:37.010Z", "user": "senya"}}, {"model": "application.applicationhistoryreport", "pk": 35, "fields": {"application_id": "5", "description": "Ремонт выполнен", "comment": "", "time": "2025-03-31T07:26:38.266Z", "user": "senya"}}, {"model": "application.applicationhistoryreport", "pk": 36, "fields": {"application_id": "5", "description": "Отправлена в архив", "comment": "", "time": "2025-03-31T07:26:45.400Z", "user": "senya"}}, {"model": "application.applicationhistoryreport", "pk": 37, "fields": {"application_id": "6", "description": "Создание заявки", "comment": "", "time": "2025-03-31T07:55:51.425Z", "user": "senya"}}, {"model": "application.applicationhistoryreport", "pk": 38, "fields": {"application_id": "6", "description": "Принята в контроле", "comment": "", "time": "2025-03-31T07:56:10.200Z", "user": "senya"}}, {"model": "application.applicationhistoryreport", "pk": 39, "fields": {"application_id": "6", "description": "Отправлена в сервис", "comment": "", "time": "2025-03-31T07:56:16.913Z", "user": "senya"}}, {"model": "application.applicationhistoryreport", "pk": 40, "fields": {"application_id": "6", "description": "Принята сервисом", "comment": "", "time": "2025-03-31T07:56:25.521Z", "user": "senya"}}, {"model": "application.applicationhistoryreport", "pk": 41, "fields": {"application_id": "6", "description": "Снята панель по заявке", "comment": "", "time": "2025-03-31T07:56:28.913Z", "user": "senya"}}, {"model": "application.applicationhistoryreport", "pk": 42, "fields": {"application_id": "7", "description": "Создание заявки", "comment": "", "time": "2025-03-31T07:58:32.365Z", "user": "senya"}}, {"model": "application.applicationhistoryreport", "pk": 43, "fields": {"application_id": "7", "description": "Принята в контроле", "comment": "замена 19 ламели", "time": "2025-03-31T07:58:41.108Z", "user": "senya"}}, {"model": "application.applicationhistoryreport", "pk": 44, "fields": {"application_id": "7", "description": "Отправлена в сервис", "comment": "замена 19 ламели", "time": "2025-03-31T07:58:45.409Z", "user": "senya"}}, {"model": "application.applicationhistoryreport", "pk": 45, "fields": {"application_id": "7", "description": "Принята сервисом", "comment": "замена 19 ламели", "time": "2025-03-31T07:58:52.642Z", "user": "senya"}}, {"model": "application.applicationhistoryreport", "pk": 46, "fields": {"application_id": "7", "description": "Снята панель по заявке", "comment": "замена 19 ламели", "time": "2025-03-31T07:58:57.224Z", "user": "senya"}}, {"model": "application.applicationhistoryreport", "pk": 47, "fields": {"application_id": "6", "description": "Ремонт выполнен", "comment": "замена 25 ламели", "time": "2025-03-31T07:59:33.861Z", "user": "senya"}}, {"model": "application.applicationhistoryreport", "pk": 48, "fields": {"application_id": "7", "description": "Ремонт выполнен", "comment": "замена 19 ламели", "time": "2025-03-31T08:00:47.539Z", "user": "senya"}}, {"model": "application.applicationhistoryreport", "pk": 49, "fields": {"application_id": "7", "description": "Отправлена в архив", "comment": "замена 19 ламели", "time": "2025-03-31T08:01:05.733Z", "user": "senya"}}, {"model": "application.applicationhistoryreport", "pk": 50, "fields": {"application_id": "6", "description": "Отправлена в архив", "comment": "", "time": "2025-03-31T08:01:12.532Z", "user": "senya"}}, {"model": "application.applicationhistoryreport", "pk": 51, "fields": {"application_id": "8", "description": "Создание заявки", "comment": "", "time": "2025-03-31T08:13:40.103Z", "user": "senya"}}, {"model": "application.applicationhistoryreport", "pk": 52, "fields": {"application_id": "8", "description": "Принята в контроле", "comment": "", "time": "2025-03-31T08:15:08.348Z", "user": "senya"}}, {"model": "application.applicationhistoryreport", "pk": 53, "fields": {"application_id": "8", "description": "Отправлена в сервис", "comment": "", "time": "2025-03-31T08:15:13.832Z", "user": "senya"}}, {"model": "application.applicationhistoryreport", "pk": 54, "fields": {"application_id": "8", "description": "Принята сервисом", "comment": "", "time": "2025-03-31T08:15:23.797Z", "user": "senya"}}, {"model": "application.applicationhistoryreport", "pk": 55, "fields": {"application_id": "8", "description": "Снята панель по заявке", "comment": "", "time": "2025-03-31T08:15:27.775Z", "user": "senya"}}, {"model": "application.applicationhistoryreport", "pk": 56, "fields": {"application_id": "8", "description": "Ремонт выполнен", "comment": "", "time": "2025-03-31T08:15:32.647Z", "user": "senya"}}, {"model": "application.applicationhistoryreport", "pk": 57, "fields": {"application_id": "8", "description": "Отправлена в архив", "comment": "", "time": "2025-03-31T08:15:36.342Z", "user": "senya"}}, {"model": "application.applicationhistoryreport", "pk": 58, "fields": {"application_id": "9", "description": "Создание заявки", "comment": "", "time": "2025-03-31T08:54:47.255Z", "user": "senya"}}, {"model": "application.applicationhistoryreport", "pk": 59, "fields": {"application_id": "9", "description": "Принята в контроле", "comment": "", "time": "2025-03-31T08:54:56.623Z", "user": "senya"}}, {"model": "application.applicationhistoryreport", "pk": 60, "fields": {"application_id": "9", "description": "Отправлена в сервис", "comment": "", "time": "2025-03-31T08:55:02.034Z", "user": "senya"}}, {"model": "application.applicationhistoryreport", "pk": 61, "fields": {"application_id": "9", "description": "Принята сервисом", "comment": "не работает 27 ламель", "time": "2025-03-31T08:55:43.154Z", "user": "senya"}}, {"model": "application.applicationhistoryreport", "pk": 62, "fields": {"application_id": "9", "description": "Снята панель по заявке", "comment": "", "time": "2025-03-31T08:56:00.591Z", "user": "senya"}}, {"model": "application.applicationhistoryreport", "pk": 63, "fields": {"application_id": "9", "description": "Ремонт выполнен", "comment": "", "time": "2025-03-31T08:56:05.365Z", "user": "senya"}}, {"model": "application.applicationhistoryreport", "pk": 64, "fields": {"application_id": "9", "description": "Ремонт выполнен", "comment": "", "time": "2025-03-31T08:56:06.934Z", "user": "senya"}}, {"model": "application.applicationhistoryreport", "pk": 65, "fields": {"application_id": "9", "description": "Отправлена в архив", "comment": "", "time": "2025-03-31T08:56:15.794Z", "user": "senya"}}, {"model": "application.applicationhistoryreport", "pk": 66, "fields": {"application_id": "10", "description": "Создание заявки", "comment": "", "time": "2025-03-31T09:11:17.510Z", "user": "senya"}}, {"model": "application.applicationhistoryreport", "pk": 67, "fields": {"application_id": "10", "description": "Принята в контроле", "comment": "", "time": "2025-03-31T09:11:26.385Z", "user": "senya"}}, {"model": "application.applicationhistoryreport", "pk": 68, "fields": {"application_id": "10", "description": "Отправлена в сервис", "comment": "", "time": "2025-03-31T09:11:34.113Z", "user": "senya"}}, {"model": "application.applicationhistoryreport", "pk": 69, "fields": {"application_id": "10", "description": "Принята сервисом", "comment": "", "time": "2025-03-31T09:12:15.767Z", "user": "senya"}}, {"model": "application.applicationhistoryreport", "pk": 70, "fields": {"application_id": "10", "description": "Снята панель по заявке", "comment": "", "time": "2025-03-31T09:12:22.660Z", "user": "senya"}}, {"model": "application.applicationhistoryreport", "pk": 71, "fields": {"application_id": "10", "description": "Ремонт выполнен", "comment": "", "time": "2025-03-31T09:12:28.833Z", "user": "senya"}}]